Price,DateSold,Bedrooms,Bathrooms,Size,LotSize,YearBuilt,Age,PrivatePool,Oceanfront,Soundfront,Canalfront
282500,10/6/2020,3,1,870,0.24,1972,50,0,0,0,1
160000,10/29/2020,1,1,272,0.00,2005,17,0,0,0,0
1225000,3/29/2020,7,8,4437,0.37,2002,20,1,1,0,0
335000,6/18/2020,3,2,1008,0.11,1980,42,0,0,0,0
1900000,10/26/2020,5,8,4794,0.29,2016,6,1,1,0,0
155000,5/11/2020,3,1.5,720,0.00,1985,37,0,0,0,0
310000,8/31/2020,3,2,960,0.23,1983,39,0,0,0,0
400000,10/4/2020,3,3,1500,0.00,1999,23,0,0,0,0
549000,9/2/2020,6,7,3872,0.38,2001,21,1,0,0,1
320000,6/16/2020,3,3,1692,0.65,2003,19,1,0,0,0
525000,6/24/2020,3,2,1232,0.21,1987,35,0,0,1,0
174100,10/25/2020,3,2,1987,0.28,1972,50,0,0,0,0
565000,1/8/2020,4,3,3007,0.36,2002,20,1,0,0,1
300000,7/16/2020,4,2.5,1824,0.23,1999,23,0,0,0,0
327000,9/30/2020,2,3,1061,0.15,1978,44,0,0,0,0
850000,2/19/2020,8,6.5,3857,0.34,1990,32,1,0,0,0
630000,12/17/2020,3,4,2100,0.14,1987,35,0,0,0,0
358500,5/7/2020,3,2,1051,0.34,2012,10,0,0,0,0
315000,9/11/2020,4,2,1152,0.23,1999,23,0,0,0,0
650000,4/5/2020,4,3,1536,0.00,1988,34,0,0,0,0
699000,8/23/2020,5,4,2245,0.23,2003,19,1,0,0,0
750000,6/24/2020,5,3,2276,0.34,1990,32,0,1,0,0
292000,7/21/2020,2,2,1280,0.18,1985,37,0,0,0,0
675000,2/18/2020,3,4,2496,0.34,1997,25,0,0,1,0
200000,3/2/2020,3,2,1392,0.23,1982,40,0,0,0,0
700000,7/9/2020,5,6,2650,0.21,2002,20,1,0,0,0
175000,11/10/2020,3,2,1652,0.70,1973,49,0,0,0,0
640000,11/24/2020,6,6,3012,0.49,2002,20,1,0,0,0
610000,12/9/2020,3,3,1888,0.14,1988,34,0,0,0,0
455000,2/7/2020,4,2.5,2048,0.18,1988,34,0,0,0,0
249000,10/16/2020,2,2,1008,0.00,2004,18,0,0,0,0
112500,8/17/2020,1,1,696,0.00,1996,26,0,0,0,0
495000,5/5/2020,5,4.5,2364,0.48,2005,17,0,0,0,0
539000,6/18/2020,4,2,1870,0.44,1997,25,0,0,0,0
205000,2/8/2020,2,1,740,0.15,1983,39,0,0,0,0
899000,2/28/2020,5,4,2288,0.24,1999,23,1,1,0,0
299000,4/26/2020,3,2,1194,0.00,1984,38,0,0,0,0
250000,5/23/2020,3,2,1456,0.00,1992,30,0,0,0,0
949000,4/11/2020,5,6,3248,0.36,2002,20,1,0,0,0
390000,10/2/2020,5,3,2258,0.34,1988,34,1,0,0,0
174000,6/30/2020,5,1,1812,0.34,1901,121,0,0,0,0
565000,11/17/2020,3,4,2622,0.00,1975,47,0,1,0,0
230000,12/10/2020,4,2,1314,0.52,1978,44,0,0,0,0
555000,12/6/2020,3,3,1920,0.00,1970,52,0,0,0,0
700000,6/8/2020,5,7,3192,0.07,2007,15,1,0,0,0
910000,5/17/2020,7,7,3925,0.46,2001,21,1,0,0,0
340000,11/23/2020,3,2,1033,0.34,1982,40,0,0,0,0
229900,8/6/2020,3,2,1120,0.15,1987,35,0,0,0,0
1160000,9/29/2020,6,7,4349,0.00,2006,16,1,1,0,0
699000,7/16/2020,5,5,3620,0.34,1996,26,0,1,0,0
379000,1/22/2020,3,2,1511,0.39,1987,35,0,0,0,0
795920,4/20/2020,3,2,1589,0.23,1991,31,0,1,0,0
809000,1/24/2020,5,6,2888,0.39,2001,21,1,0,0,0
460000,9/24/2020,4,2.5,1560,0.24,1978,44,1,0,0,0
330000,8/15/2020,3,3,2339,0.40,2012,10,0,0,0,0
345000,12/1/2020,3,2,1152,0.13,1978,44,0,0,0,0
710000,2/22/2020,4,3,2208,0.00,1997,25,0,0,1,0
975000,5/17/2020,5,4,2600,0.31,1990,32,0,1,0,0
250000,8/10/2020,4,3,1620,0.34,2014,8,0,0,0,0
635000,5/28/2020,5,4,2492,0.44,2001,21,1,0,0,0
300000,10/2/2020,3,2,1267,0.36,1992,30,0,0,0,0
580000,7/22/2020,4,3,2110,0.24,2002,20,0,1,0,0
760000,7/31/2020,5,5,2402,0.23,1984,38,1,0,0,0
699000,7/11/2020,5,6,2834,0.23,2005,17,1,0,0,0
495000,6/17/2020,7,6,3272,0.41,2004,18,1,0,0,0
420000,3/1/2020,3,2,1300,0.21,1981,41,0,0,0,0
2295000,5/21/2020,1,10.5,4376,0.10,2019,3,1,0,0,0
359000,1/19/2020,3,2,1648,0.23,2001,21,0,0,0,0
325000,3/24/2020,2,2,1060,0.00,2008,14,0,1,0,0
1205000,4/20/2020,7,8,3406,0.00,2002,20,1,0,0,0
505000,3/13/2020,5,5,2083,0.34,2019,3,1,0,0,0
500000,10/17/2020,4,3.5,2491,0.64,2001,21,0,0,0,0
875000,4/9/2020,1,9,4370,0.62,2004,18,1,0,0,0
1008750,9/30/2020,6,6,3414,0.34,2000,22,1,1,0,0
237000,9/1/2020,3,2,1008,0.00,1979,43,0,0,0,0
313000,9/8/2020,3,2,1248,0.00,1995,27,0,0,0,0
580000,6/8/2020,6,6,3966,0.00,null,null,0,0,0,0
1750000,3/8/2020,6,7,4691,0.34,2007,15,1,0,0,0
610000,12/9/2020,3,3,1888,0.14,1988,34,0,1,0,0
775000,11/23/2020,5,6,2666,0.72,2004,18,1,0,0,0
705750,6/24/2020,4,4,1919,0.15,1997,25,0,0,1,0
240000,3/1/2020,3,2,1008,0.17,1982,40,0,0,0,0
320000,3/31/2020,3,2,1008,0.14,1976,46,0,0,0,0
258500,7/10/2020,3,2,1553,0.47,2003,19,0,0,0,0
838500,2/11/2020,1,1,1050,0.00,2005,17,0,0,0,0
629000,8/23/2020,5,4,2365,0.48,2000,22,1,0,0,0
659000,10/30/2020,5,5,3088,0.34,1991,31,1,0,0,0
1430000,1/31/2020,8,10,7500,0.55,2006,16,1,0,0,0
435000,2/16/2020,3,3,1648,0.00,2009,13,0,0,1,0
949000,7/25/2020,4,5,2080,0.60,2022,0,0,0,1,0
800000,2/1/2020,4,3,1990,1.52,1973,49,0,0,0,0
595000,5/3/2020,4,3,1742,0.29,2022,0,0,0,0,0
325000,12/4/2020,3,2,1056,0.23,1984,38,1,0,0,0
335000,9/17/2020,3,2,2320,0.18,1978,44,0,0,0,0
375000,4/20/2020,3,2,1627,0.18,1988,34,0,0,0,0
265000,11/6/2020,3,3,1508,0.34,1990,32,0,0,0,0
500,3/15/2020,8,8,4725,0.62,2005,17,1,0,0,0
258000,9/4/2020,4,2,1464,0.94,2010,12,0,0,0,1
525000,10/1/2020,5,4,2207,0.23,2002,20,1,0,0,0
420000,6/27/2020,4,2,1246,0.23,1995,27,0,0,0,0
760000,9/18/2020,4,4,3900,0.15,1999,23,0,0,0,0
1200000,10/1/2020,7,9,5172,0.34,2002,20,1,0,0,0
145000,7/15/2020,4,2,1473,0.00,null,null,0,0,0,0
290000,11/30/2020,4,2,1288,0.28,1950,72,0,0,0,0
300000,12/17/2020,2,3,1136,0.16,1980,42,0,0,0,0
469000,2/19/2020,4,4,2059,0.14,1999,23,0,0,0,0
50000,6/3/2020,1,2,896,0.23,1973,49,0,0,0,0
360000,10/6/2020,4,3,1568,0.00,1985,37,0,1,0,0
335000,7/10/2020,4,4,2170,0.14,2006,16,1,0,0,0
606000,10/30/2020,4,3,2062,0.34,1986,36,0,1,0,0
259900,9/2/2020,4,2,1152,0.28,1992,30,0,0,0,0
575100,10/15/2020,6,6,2964,0.23,2003,19,1,0,0,0
275000,11/3/2020,3,2,1008,0.13,1986,36,0,0,0,0
300000,1/31/2020,2,2,1078,0.00,1988,34,0,0,0,0
220000,5/17/2020,1,1,736,0.00,1988,34,0,0,0,0
437291,12/7/2020,4,3,2487,0.17,2007,15,0,0,0,0
310000,3/1/2020,3,1,1050,0.21,1982,40,0,0,0,0
670000,10/16/2020,4,4,1897,0.13,1983,39,0,0,0,0
525000,11/25/2020,6,6,2780,0.00,1999,23,1,0,0,0
350000,12/8/2020,3,2,1008,0.23,1986,36,0,0,0,0
290000,9/28/2020,3,3,1512,0.13,1999,23,0,0,0,0
695000,8/17/2020,5,5,3406,0.25,2003,19,1,0,0,0
712500,7/1/2020,3,3,1770,0.11,1984,38,0,1,0,0
485000,3/2/2020,8,6,3756,0.00,null,null,0,0,0,0
770000,7/3/2020,6,8,3786,0.09,2004,18,1,0,0,0
425000,3/25/2020,5,5,2584,0.23,2001,21,1,0,0,0
562000,3/25/2020,5,5,2523,0.34,2000,22,1,0,0,0
549500,3/4/2020,4,3,2848,0.17,1988,34,0,1,0,0
1160500,2/4/2020,7,7,5229,0.34,2002,20,1,0,0,0
960000,11/11/2020,6,6,2984,0.46,1993,29,1,1,0,0
339000,4/22/2020,4,2,1632,0.24,1978,44,0,0,0,0
264000,4/22/2020,3,2,920,0.00,1977,45,0,0,0,0
517000,7/30/2020,5,5,2354,0.36,2003,19,1,0,0,0
415000,11/18/2020,3,3,2208,1.09,1998,24,0,0,0,0
678000,11/13/2020,5,5,2602,0.23,1998,24,1,0,0,0
558000,10/4/2020,4,4,2200,0.00,2005,17,1,0,0,0
2500,12/23/2020,2,1,1906,0.28,1935,87,0,0,0,0
450000,9/16/2020,4,4,2110,0.26,2003,19,0,1,0,0
420000,7/22/2020,6,5,2749,0.34,1998,24,0,0,0,0
740000,12/11/2020,5,4,2172,0.23,1977,45,0,1,0,0
175000,9/23/2020,1,1,576,0.47,2004,18,0,0,0,0
538000,10/8/2020,4,2,1296,0.20,1989,33,1,0,0,0
200000,3/10/2020,2,1,768,0.28,1987,35,0,0,0,0
439000,6/18/2020,4,2,1205,0.14,1981,41,0,0,0,0
750000,9/18/2020,4,5,3781,0.73,2006,16,0,0,0,0
623000,2/28/2020,4,3,2128,0.20,1992,30,0,0,0,0
350000,3/4/2020,3,3,1960,2.21,1993,29,0,0,0,0
480000,5/12/2020,3,2,1390,0.00,1991,31,0,0,0,0
260000,9/10/2020,3,2,1088,0.02,2000,22,0,0,0,0
399000,11/22/2020,2,2,952,0.23,1972,50,0,0,0,0
309000,8/28/2020,3,3,1532,0.19,1991,31,0,0,0,0
635000,6/12/2020,6,6,4572,0.39,2007,15,1,0,0,0
523000,3/19/2020,7,8.5,3746,0.47,2004,18,1,0,0,0
509000,11/12/2020,3,4,2170,0.13,2004,18,1,0,0,0
340000,1/14/2020,4,2,1332,0.23,1968,54,0,0,0,0
278000,7/7/2020,2,1,719,0.18,1968,54,0,0,0,1
255000,12/15/2020,3,2,1152,0.14,1974,48,0,0,0,0
147500,3/23/2020,1,1,272,0.00,2005,17,0,0,0,0
660000,8/24/2020,5,4,2866,0.34,1986,36,1,1,0,0
435500,3/15/2020,5,4,2135,0.23,2003,19,0,0,0,0
640000,5/28/2020,4,3,1888,0.17,1993,29,0,1,0,0
549000,8/31/2020,5,4,2208,0.26,1983,39,1,0,0,0
517000,11/17/2020,5,6,2881,0.23,2005,17,1,0,0,0
475000,10/8/2020,3,2,1296,0.23,1990,32,0,0,0,0
205000,2/8/2020,2,1,740,0.15,1983,39,0,0,0,0
670000,10/16/2020,4,4,1897,0.13,1983,39,0,1,0,0
330000,2/9/2020,4,2,1520,0.09,1978,44,0,1,0,0
485000,2/17/2020,5,4,2207,0.23,2001,21,1,0,0,0
275000,7/30/2020,4,1,1805,0.88,1931,91,0,0,0,0
481000,5/28/2020,4,2.5,2117,0.46,1989,33,0,0,0,0
545000,12/14/2020,4,4,2430,1.70,2004,18,0,0,0,0
770000,12/10/2020,5,4,3080,0.23,1995,27,0,0,0,0
250000,4/29/2020,2,2,840,0.00,2007,15,0,0,0,0
990000,3/25/2020,7,8,3758,0.44,1996,26,0,1,0,0
1000000,5/16/2020,6,8,4263,0.38,2003,19,1,0,0,0
1250000,8/27/2020,6,8,4655,3.42,2007,15,0,1,0,0
499000,9/11/2020,4,4,2281,0.00,2020,2,0,0,0,0
990000,3/25/2020,7,7,3758,0.44,1996,26,1,0,0,0
492000,11/10/2020,4,3,2080,0.23,1995,27,0,0,0,0
455000,12/18/2020,4,4,2616,0.60,2000,22,0,0,1,0
285000,2/1/2020,3,2,1104,0.18,1985,37,0,0,0,0
350000,3/31/2020,3,3,1584,0.00,2009,13,0,0,0,0
269000,4/1/2020,3,2,1152,0.23,1989,33,0,0,0,0
473000,10/16/2020,4,3,1669,0.23,1978,44,0,0,0,0
629000,1/13/2020,6,6,3514,0.41,2004,18,1,0,0,0
340000,10/18/2020,5,3.5,2095,0.34,2001,21,1,0,0,0
447000,5/11/2020,5,5,2367,0.34,2002,20,0,0,0,0
824000,6/9/2020,4,6,2898,0.00,2006,16,1,1,0,0
465000,9/17/2020,5,5,2476,0.23,1989,33,0,0,0,0
175000,6/3/2020,3,2,1152,0.21,1966,56,0,0,0,0
570000,7/1/2020,4,3,2000,0.17,1995,27,0,0,0,0
235000,11/5/2020,3,2,960,0.00,1976,46,0,0,0,0
619950,7/7/2020,4,5,2258,0.19,2001,21,1,0,0,0
320000,4/1/2020,3,2,1056,0.00,1976,46,0,0,0,0
255000,11/29/2020,1,1,480,0.45,1985,37,0,0,0,0
null,9/30/2020,4,5,2214,0.20,1999,23,0,0,0,0
400000,1/26/2020,3,2,1096,0.15,1970,52,0,0,0,0
620000,12/30/2020,4,3,1568,0.23,1986,36,0,0,0,0
225000,10/4/2020,4,2,1152,0.40,1990,32,0,0,0,0
772000,1/27/2020,6,8,3358,0.90,2005,17,1,0,0,0
140000,9/4/2020,1,1,736,0.00,1988,34,0,0,0,0
160000,1/5/2020,2,1,768,0.45,1988,34,0,0,0,0
620000,5/20/2020,3,2,1508,0.35,2018,4,1,0,0,0
450000,1/10/2020,6,7,3320,0.34,2004,18,1,0,0,0
115000,4/17/2020,1,1,540,0.00,null,null,0,0,0,0
680000,1/20/2020,5,4,2423,0.23,2004,18,1,0,0,0
742500,12/18/2020,4,5,4589,6.74,2006,16,1,0,0,0
565000,10/27/2020,4,4,2345,0.16,2002,20,0,0,0,1
263000,12/9/2020,3,2,1008,0.23,1979,43,0,0,0,0
300000,6/24/2020,2,1,1431,0.43,1972,50,0,0,0,0
840000,2/3/2020,8,9,4014,0.99,2005,17,1,0,0,0
430000,9/30/2020,5,6,3152,0.00,2000,22,1,0,0,0
845000,5/28/2020,6,6,3473,0.00,1993,29,0,1,0,0
650000,1/21/2020,4,5,3350,0.23,2003,19,1,0,0,0
440000,12/10/2020,4,2,1496,0.18,1989,33,0,0,0,0
999999,4/15/2020,3,3,3388,0.53,1986,36,0,1,0,0
590000,7/17/2020,5,4,2900,0.30,1986,36,1,0,0,0
1450000,5/14/2020,1,12,6649,0.76,2006,16,1,0,0,0
300000,12/27/2020,4,3,1904,0.00,null,null,0,0,0,0
600000,8/25/2020,6,7,3272,0.42,2005,17,1,0,1,0
499000,3/7/2020,3,1,1064,0.38,1967,55,0,0,1,0
390000,11/10/2020,2,3,2128,0.13,1986,36,0,0,0,1
440000,5/24/2020,4,2,1333,0.16,1981,41,0,0,0,0
285000,6/15/2020,2,2,884,0.39,1923,99,0,0,0,0
1157000,3/14/2020,5,5,2500,0.00,2003,19,1,1,0,0
919500,5/24/2020,6,8,3365,0.45,2010,12,1,0,1,0
557500,9/22/2020,6,5,3044,0.06,2000,22,1,0,0,0
370000,1/17/2020,4,2,1848,0.23,2011,11,0,0,0,0
535500,10/1/2020,4,3,1680,0.28,1992,30,0,0,0,0
430000,5/27/2020,3,2,1868,0.69,2001,21,0,0,0,0
315000,2/17/2020,2,2,1080,0.00,1988,34,0,0,0,0
205000,8/5/2020,2,1,736,0.18,1980,42,0,0,0,0
440500,4/27/2020,4,5,2724,0.28,2007,15,1,0,0,0
65000,7/23/2020,3,2,1344,0.26,1975,47,0,0,0,0
600000,10/29/2020,5,4,2206,0.23,2003,19,1,0,0,0
290000,8/17/2020,4,2,1226,0.24,1978,44,0,0,0,0
null,2/9/2020,1,1,400,null,2021,1,0,0,0,0
935000,9/8/2020,7,9,4979,0.42,2007,15,1,0,0,0
887275,5/28/2020,5,6,3216,0.34,1998,24,1,1,0,0
400000,12/17/2020,3,2,2090,0.00,1992,30,0,0,1,0
425000,1/14/2020,4,5,3146,2.12,1995,27,1,0,0,0
770000,5/6/2020,4,4,2408,0.31,1988,34,0,1,0,0
315000,8/16/2020,3,3,1193,0.18,1982,40,0,0,0,0
200000,11/12/2020,3,2,1152,0.34,1978,44,0,0,0,0
815000,11/4/2020,7,8,4491,0.40,2005,17,1,0,0,0
450000,6/14/2020,4,4,2079,0.24,2003,19,0,0,0,0
275000,8/30/2020,3,2,1402,0.16,1989,33,0,0,0,0
485000,9/29/2020,3,2,1581,0.24,2017,5,0,0,0,0
380500,1/6/2020,3,2,1248,0.23,1985,37,0,0,0,0
95500,8/23/2020,3,2.5,1680,0.19,2020,2,0,0,0,0
475000,10/8/2020,3,2,1316,0.23,1990,32,0,0,0,0
535000,11/2/2020,6,5,3605,0.30,1970,52,0,0,0,0
175000,4/22/2020,1,1,540,0.00,1996,26,0,0,0,0
695000,4/21/2020,7,10,3986,0.61,2005,17,1,0,0,1
1500000,1/15/2020,7,9,5936,0.39,1999,23,1,1,0,0
225000,1/24/2020,2,2,1025,0.53,1930,92,0,0,0,0
410000,7/6/2020,3,2,1260,0.18,2016,6,0,0,0,0
364000,8/30/2020,3,2,1485,0.00,2008,14,0,0,0,0
1550000,7/6/2020,6,5.5,3294,0.93,2002,20,1,0,0,0
369900,10/11/2020,3,2,1458,0.34,2002,20,0,0,0,0
349000,12/21/2020,2,2,840,0.00,2007,15,0,1,0,0
null,2/18/2020,2,3,1272,null,2005,17,0,0,0,0
null,7/24/2020,4,6,2855,0.00,2007,15,1,1,0,0
546500,12/20/2020,4,2,1456,0.00,2002,20,1,0,0,0
375000,6/1/2020,4,2.5,1838,0.37,1995,27,0,0,0,0
170000,12/18/2020,4,2,1960,0.34,1970,52,0,0,0,0
765000,10/30/2020,5,5,3348,0.00,1997,25,1,1,0,0
475000,8/19/2020,6,5.5,2958,0.39,2005,17,1,0,0,0
995000,6/11/2020,8,7,4265,0.46,1999,23,1,1,0,0
295000,1/8/2020,4,2,1686,0.19,1988,34,0,0,0,0
205500,6/30/2020,2,1,768,0.23,1977,45,0,0,0,0
152000,8/17/2020,2,2,1200,0.00,1977,45,0,0,0,0
580000,10/7/2020,3,3,1844,0.13,1985,37,0,0,0,0
276000,9/17/2020,2,2,1512,0.18,1972,50,0,0,0,0
489000,3/16/2020,4,4.5,2114,0.22,2007,15,1,0,0,0
333555,8/14/2020,2,2,1064,0.00,2008,14,1,0,0,0
333000,6/22/2020,2,2,1512,0.20,1998,24,0,0,0,0
260000,2/12/2020,3,2,1303,0.16,1989,33,0,0,0,0
240000,1/22/2020,3,3,1560,0.20,1979,43,0,0,0,0
635000,6/12/2020,6,8,4378,0.00,null,null,0,0,0,0
155000,8/7/2020,3,2,1380,0.18,1983,39,0,0,0,0
460000,4/19/2020,4,3,1980,0.13,1998,24,0,0,0,0
375000,11/6/2020,5,4,2754,0.34,1990,32,0,0,0,0
1210000,12/10/2020,4,4.5,4021,0.55,2015,7,0,0,0,0
1550000,10/19/2020,1,13,5946,1.06,2005,17,1,0,0,0
308500,9/8/2020,4,4,2638,0.15,2003,19,0,0,0,0
630000,4/7/2020,4,3.5,1896,0.23,1975,47,0,0,0,0
350000,8/20/2020,4,4,2164,0.17,2003,19,1,0,0,0
748000,11/24/2020,7,8,4383,0.07,2006,16,1,0,1,0
260000,8/14/2020,3,2,1176,0.23,1972,50,0,0,0,0
470000,11/4/2020,3,2,1040,0.00,1972,50,0,0,0,0
430000,9/15/2020,6,5,2962,0.57,1991,31,1,0,0,0
745000,4/15/2020,5,4,1950,0.23,2000,22,1,0,0,0
551000,1/13/2020,6,6,3783,0.41,2004,18,1,0,0,0
375000,11/6/2020,5,4,2754,0.34,1990,32,1,0,0,0
540000,11/30/2020,5,6,3238,0.28,2005,17,1,0,0,0
375000,4/8/2020,2,1,1089,0.21,1978,44,0,0,0,0
549000,3/26/2020,6,6,3182,0.37,2004,18,1,0,0,0
490000,2/25/2020,7,8,3190,0.44,2006,16,1,0,0,0
470177,2/1/2020,5,4,2135,0.23,2000,22,1,0,0,0
575000,4/20/2020,4,3,2240,0.16,1994,28,0,0,0,1
475000,9/24/2020,4,3,2208,0.00,2001,21,0,0,0,0
255000,9/4/2020,3,2,1120,0.23,1977,45,0,0,0,0
1900000,10/26/2020,6,6.5,4769,0.29,2016,6,1,0,0,0
355000,6/11/2020,4,3,2013,0.20,1999,23,0,0,0,0
330000,11/7/2020,3,2,1496,0.00,null,null,0,0,0,0
250000,1/23/2020,3,2,1392,0.18,1986,36,0,0,0,0
85000,12/17/2020,2,1,632,0.16,1968,54,0,0,0,0
438000,3/6/2020,4,6,2506,0.15,2002,20,0,0,0,0
319000,11/13/2020,3,2,1254,0.20,2020,2,0,0,0,0
350000,9/13/2020,4,3,1815,0.34,1991,31,1,0,0,0
425000,3/22/2020,3,2,1339,0.23,2002,20,0,0,0,0
330000,5/18/2020,2,2,1072,0.21,2003,19,0,0,0,0
179000,6/1/2020,2,2,1088,0.00,null,null,0,0,0,0
750000,3/29/2020,4,4,1982,0.46,1997,25,1,0,0,0
298000,3/24/2020,2,2,1114,0.00,1971,51,0,0,0,0
327500,2/7/2020,3,2,1457,0.40,2013,9,0,0,0,0
200000,9/15/2020,2,1,576,0.24,1974,48,0,0,0,0
555000,3/15/2020,4,6,2867,0.00,2004,18,1,0,0,0
899000,4/28/2020,5,5,2358,0.06,2020,2,0,0,0,0
725000,12/17/2020,6,4.5,2500,0.37,1999,23,1,0,0,0
1400000,9/1/2020,7,8,3548,0.46,1998,24,1,1,0,0
362000,8/21/2020,3,3,1680,0.00,2016,6,0,0,0,0
168000,4/27/2020,1,1,272,0.00,2005,17,0,0,0,0
265000,8/30/2020,4,2,2100,0.17,1988,34,0,0,0,0
856489,5/16/2020,4,3,2008,0.21,1990,32,0,1,0,0
549000,9/2/2020,6,7,3872,0.38,2001,21,1,0,0,0
560000,11/19/2020,4,3,2926,0.44,1993,29,0,0,0,0
365000,8/2/2020,5,4,1457,0.00,1930,92,0,0,0,0
1425000,11/1/2020,4,6,4349,0.28,2010,12,1,0,0,0
2000000,6/11/2020,7,7.5,6431,0.41,2004,18,1,0,0,0
308000,10/22/2020,3,2,1352,0.34,1997,25,0,0,0,0
405000,7/28/2020,3,2,1283,0.00,2015,7,0,0,0,0
748000,11/24/2020,7,7.5,4383,0.12,2005,17,1,0,0,0
280000,9/12/2020,3,4,2220,0.91,1995,27,0,0,0,0
320000,1/13/2020,2,2,1041,0.14,1984,38,0,0,0,0
342450,5/19/2020,3,4,3186,1.00,2005,17,0,0,0,0
640000,4/26/2020,3,2,1653,1.11,2019,3,0,0,0,0
380000,3/3/2020,2,3,1257,0.00,2005,17,1,0,0,0
470000,5/24/2020,3,2,2166,0.17,1988,34,0,0,0,0
835000,1/25/2020,6,6,3302,0.34,2001,21,1,0,0,0
210000,1/25/2020,3,2,1440,1.28,2001,21,0,0,0,0
675000,11/1/2020,5,6,3414,0.34,1999,23,1,0,0,0
755000,3/21/2020,5,5,3500,0.29,2007,15,1,0,0,0
230000,2/21/2020,4,2,1230,0.00,null,null,0,0,0,0
467000,1/19/2020,3,3,1330,0.18,1982,40,0,1,0,0
256000,3/24/2020,2,1,1152,0.29,1993,29,0,0,0,0
395000,12/18/2020,3,3,1568,0.11,1978,44,0,0,0,0
579135,6/11/2020,4,3,2715,0.17,1988,34,0,0,0,0
1150000,2/2/2020,8,8,4190,0.46,2003,19,1,0,0,0
300000,10/3/2020,3,2,1344,0.14,1979,43,0,0,0,0
213000,3/16/2020,3,2,920,0.17,1978,44,0,0,0,0
549000,3/26/2020,6,5.5,3182,0.37,2004,18,1,0,0,0
222500,8/26/2020,2,2,1200,0.16,1980,42,0,0,0,0
477500,3/1/2020,3,3,1326,0.11,1974,48,0,0,0,1
1600000,6/4/2020,8,10,4370,1.84,2016,6,1,0,0,0
544500,8/16/2020,4,2.5,2244,0.18,1990,32,0,0,0,0
575000,4/29/2020,4,3,2163,0.21,1986,36,0,0,0,0
225000,10/2/2020,3,2,1152,0.40,1990,32,0,0,0,0
75000,11/25/2020,3,2,1256,0.37,2020,2,0,0,0,0
675000,6/7/2020,7,6.5,3856,0.44,1998,24,1,0,0,0
420000,10/27/2020,3,2,1128,0.00,1975,47,0,1,0,0
277000,1/20/2020,3,2,960,0.23,1975,47,0,0,0,0
427000,8/20/2020,3,3,1600,0.14,1987,35,0,0,0,0
320000,8/6/2020,4,2,1174,0.23,1980,42,0,0,0,0
595000,10/22/2020,6,7,4288,0.34,2004,18,1,0,0,0
350000,12/3/2020,1,1,624,0.21,1950,72,0,0,0,0
365000,4/12/2020,4,3,1988,0.23,1995,27,0,0,0,0
575000,3/22/2020,5,5,2380,0.00,2004,18,1,0,0,0
574000,12/18/2020,5,6,3200,0.00,2002,20,1,0,0,0
369000,3/4/2020,3,2,1259,0.24,2021,1,0,0,0,0
335000,3/15/2020,3,3,1521,0.36,1990,32,0,0,0,0
null,12/27/2020,4,4,2533,0.61,1994,28,1,0,0,0
429000,8/28/2020,4,5,2352,0.18,1992,30,1,0,0,0
517000,11/17/2020,5,6,2881,0.23,2005,17,1,0,0,0
200000,1/19/2020,3,2,1200,0.14,1972,50,0,0,0,0
130000,10/5/2020,1,1,736,0.00,1989,33,0,0,0,0
null,11/7/2020,7,7,5054,0.34,1997,25,1,1,0,0
1100000,9/1/2020,5,6,4872,0.51,1994,28,1,0,0,0
290000,2/28/2020,3,2,1248,0.11,1983,39,0,0,0,0
91000,4/29/2020,2,2,1120,0.22,1960,62,0,0,0,0
1049500,4/12/2020,6,8,4845,0.37,2004,18,1,0,0,0
860000,11/8/2020,4,4,2475,0.18,1991,31,0,1,0,0
475000,8/19/2020,6,6,2958,0.39,2005,17,1,0,0,0
450000,8/7/2020,4,4,2008,0.46,1993,29,0,0,0,0
225000,12/4/2020,2,3,952,0.18,1960,62,0,0,0,0
205000,11/2/2020,3,3,1723,0.24,2004,18,0,0,0,0
725000,10/29/2020,6,6,2840,0.00,2000,22,1,0,0,0
598000,12/17/2020,4,3,2272,0.40,1987,35,0,0,0,0
349000,7/19/2020,4,2,1404,0.39,1982,40,0,0,0,0
440000,5/4/2020,4,2,1456,0.23,1982,40,0,0,0,0
525000,9/18/2020,5,4,1288,0.23,1979,43,0,1,0,0
445000,11/29/2020,2,2,960,null,2012,10,0,0,0,0
250000,3/14/2020,3,3,1788,1.15,1985,37,0,0,0,0
591000,4/19/2020,3,3,2684,0.46,1988,34,0,0,0,0
210000,2/25/2020,4,2.5,1800,0.18,1988,34,0,0,0,0
600000,7/27/2020,5,5,2584,0.00,2001,21,1,0,0,0
2750,7/10/2020,8,9,4370,1.61,2016,6,1,0,0,0
655000,3/19/2020,6,4,3254,0.39,1996,26,1,0,0,0
250000,4/7/2020,2,2,1078,0.00,1988,34,0,0,0,0
580000,4/27/2020,4,5,2391,0.00,2002,20,0,0,0,0
560000,8/14/2020,4,3,2048,0.36,1995,27,0,0,1,0
null,4/6/2020,6,6,2559,0.34,2018,4,1,0,0,0
400000,1/6/2020,4,3,1876,0.22,2001,21,0,0,0,0
363000,8/19/2020,3,2,1485,0.36,2018,4,0,0,0,0
535000,4/7/2020,3,2,1561,0.18,1976,46,0,1,0,0
545000,3/4/2020,5,6,2434,0.23,2008,14,1,0,0,0
405000,4/6/2020,4,4,1896,0.23,1975,47,0,0,0,0
760000,12/8/2020,4,5,3806,0.18,2000,22,1,0,0,0
840000,4/13/2020,7,9,5002,0.41,2004,18,1,0,0,0
650000,4/22/2020,5,7,3558,0.14,1997,25,0,1,0,0
910000,5/17/2020,7,8,3925,0.46,2001,21,1,0,0,0
null,2/19/2020,8,7,3857,0.34,1990,32,0,1,0,0
435500,3/15/2020,5,4,2147,0.23,2003,19,0,0,0,0
125000,7/30/2020,3,2.5,1352,0.18,1994,28,0,0,0,0
655000,3/12/2020,6,6,3125,0.34,2001,21,1,0,0,0
440000,4/8/2020,3,3,1100,0.23,1980,42,0,0,0,0
445000,2/2/2020,3,3,1611,0.18,1993,29,0,0,0,1
535000,4/29/2020,3,3,1648,0.20,1998,24,0,0,0,0
375000,10/15/2020,4,4,1940,0.38,2000,22,0,0,0,0
625000,5/7/2020,5,4,2497,0.64,1993,29,0,0,0,0
395000,12/18/2020,3,3,1568,0.11,1978,44,0,0,0,0
350000,5/17/2020,3,3,2885,0.20,2018,4,0,0,0,0
209000,2/22/2020,2,1,571,0.00,1930,92,0,0,0,0
560000,1/27/2020,4,3,1850,0.37,1987,35,0,0,0,0
750000,7/14/2020,3,3,2708,0.53,2004,18,0,0,0,0
355000,12/14/2020,3,2,1228,0.23,2019,3,0,0,0,0
135000,2/14/2020,3,2,1664,0.24,2001,21,0,0,0,0
110000,2/26/2020,3,2,1196,0.37,1953,69,0,0,0,0
610000,5/7/2020,5,6,2800,0.34,2001,21,1,0,0,0
835000,1/18/2020,5,4.5,2428,0.35,2001,21,1,0,0,0
367500,3/10/2020,3,2,920,0.00,1976,46,0,0,0,0
416000,11/25/2020,3,4,2780,0.37,1988,34,0,0,0,0
540000,9/2/2020,6,4,2757,0.36,1992,30,1,0,0,0
null,12/17/2020,3,2,1259,0.23,2022,0,0,0,0,0
551000,11/18/2020,6,6,3240,0.78,2004,18,1,0,0,0
407000,8/13/2020,4,4,1872,0.18,2014,8,1,0,0,0
155000,8/7/2020,3,2,1380,0.00,1983,39,0,0,0,0
590000,11/18/2020,3,4,2664,0.00,2001,21,0,0,1,0
470000,10/15/2020,4,3,1568,0.18,1984,38,0,0,0,0
278000,4/27/2020,3,2,1183,0.14,1988,34,0,0,0,0
441000,1/20/2020,4,3,2600,0.20,2002,20,0,0,0,1
125000,9/9/2020,2,1,720,0.23,1988,34,0,0,0,0
919500,5/27/2020,6,6,3356,0.00,null,null,0,0,0,0
780000,8/28/2020,6,7,3784,0.36,2003,19,1,0,0,0
775000,3/17/2020,6,6,3294,0.45,2004,18,1,0,0,0
670000,8/9/2020,4,2,1248,0.23,1983,39,0,0,0,0
215000,11/3/2020,2,3,1200,0.00,2005,17,0,0,0,0
400000,11/18/2020,3,2,1608,0.24,1988,34,0,0,0,0
336727,3/14/2020,3,2,1040,0.00,1978,44,0,0,0,0
359000,1/29/2020,4,2,1242,0.26,1985,37,0,0,0,0
616000,7/14/2020,5,5,2594,0.34,2001,21,1,0,0,0
678000,5/3/2020,8,7,4086,0.28,2004,18,0,1,0,0
455000,2/25/2020,4,4,2587,0.18,2001,21,0,0,0,0
529000,1/25/2020,7,5,3921,0.32,2003,19,1,0,0,0
785000,1/28/2020,4,2,1943,0.23,1985,37,0,1,0,0
570000,11/17/2020,5,6,2573,0.23,2007,15,1,0,0,0
395000,11/3/2020,4,2,1474,0.00,1986,36,0,0,0,0
460000,9/24/2020,4,3,1560,0.24,1978,44,0,1,0,0
212000,2/7/2020,1,1,698,0.00,1988,34,0,0,0,0
700000,9/9/2020,6,6,3068,0.38,1993,29,1,0,0,0
240000,8/9/2020,3,2,1148,0.00,1954,68,0,0,0,0
255000,12/15/2020,3,2,1152,0.14,1978,44,0,0,0,0
290000,8/17/2020,4,2,1226,0.24,1978,44,0,0,0,0
465000,9/17/2020,5,5,2476,0.23,1998,24,0,0,0,0
670000,9/18/2020,5,4,3469,0.31,1994,28,0,0,0,0
194900,9/8/2020,1,1,560,0.00,2007,15,0,1,0,0
1000000,3/26/2020,6,8,4588,0.38,2007,15,1,1,0,0
775000,11/19/2020,5,7,2666,0.72,2004,18,1,0,0,0
862000,12/10/2020,4,3,1781,0.34,1987,35,0,1,0,0
650000,11/8/2020,5,5,3442,0.37,1997,25,1,0,0,0
295000,5/7/2020,2,2,640,0.23,1974,48,0,0,0,0
449500,10/28/2020,4,3,1568,0.23,1987,35,0,1,0,0
569775,8/2/2020,4,4,2348,0.18,2008,14,1,0,0,0
387500,8/5/2020,4,4,2173,0.17,2004,18,1,0,0,0
630000,10/20/2020,6,8,3782,0.78,2005,17,1,0,1,0
269500,1/8/2020,3,2,864,0.18,1987,35,0,0,0,0
222000,7/7/2020,1,1,698,0.00,1988,34,0,0,0,0
610000,7/9/2020,5,6,2877,0.25,1999,23,0,0,0,0
232000,10/27/2020,2,3,1272,0.00,2005,17,1,0,0,0
485000,3/2/2020,8,7.5,3756,0.51,2004,18,1,0,0,0
281000,7/30/2020,2,2,1056,0.30,1990,32,0,0,0,0
285000,6/30/2020,3,3,1248,0.14,1988,34,0,0,0,0
523000,2/26/2020,3,4,2346,1.08,1992,30,0,0,1,0
572500,10/30/2020,5,6,2936,1.76,2004,18,1,0,0,0
251500,4/22/2020,3,2,1040,0.30,1987,35,0,0,0,0
375000,8/2/2020,5,3,1664,0.18,1990,32,0,0,0,0
465000,3/15/2020,3,3,1898,0.24,1970,52,0,0,0,0
322000,12/22/2020,3,3,1560,0.14,1978,44,0,0,0,0
117000,8/21/2020,1,1,540,0.00,1996,26,0,0,0,0
429000,2/18/2020,2,2,1613,0.46,1967,55,0,0,0,0
251000,1/27/2020,2,1,790,0.13,1972,50,0,0,0,0
275000,10/5/2020,3,1,2026,0.29,1940,82,0,0,0,0
838000,11/6/2020,6,8,3296,0.34,2005,17,1,0,0,0
174500,9/17/2020,1,1,540,0.00,1996,26,0,0,0,0
557775,3/22/2020,5,6,3124,0.47,2000,22,1,0,0,0
359000,6/29/2020,4,3,1456,0.24,1985,37,1,0,0,0
384600,7/30/2020,3,2,984,0.15,1970,52,0,0,0,1
150000,10/2/2020,5,2,1792,0.46,1915,107,0,0,0,0
233000,2/27/2020,2,1,1140,0.00,null,null,0,0,0,0
303675,7/6/2020,3,3,1906,0.00,null,null,0,0,0,0
750000,7/20/2020,5,5,2614,0.00,2003,19,1,0,0,0
380000,2/18/2020,2,2.5,1272,0.00,2005,17,0,0,0,0
85000,3/5/2020,2,1,924,0.46,1920,102,0,0,0,0
435000,6/3/2020,3,2.5,1152,0.16,2020,2,0,0,0,0
279000,9/16/2020,3,2,1080,0.51,1984,38,0,0,0,0
457500,1/13/2020,4,2.5,2082,0.09,1991,31,0,0,0,0
null,11/18/2020,4,3,2424,0.11,1989,33,0,1,0,0
975000,1/26/2020,3,2,1311,5.70,1983,39,0,0,0,0
527000,4/29/2020,4,5,2578,0.46,2008,14,0,0,0,0
675000,4/27/2020,3,3,3639,1.43,2005,17,0,0,0,1
350000,11/30/2020,3,2,1397,0.14,1989,33,0,0,0,0
548500,5/27/2020,4,5,2160,0.46,2007,15,1,0,0,0
725000,6/17/2020,3,2,1128,0.21,1975,47,0,0,0,0
450000,4/17/2020,4,4,2366,0.18,2004,18,0,0,0,0
269000,10/9/2020,2,2,749,0.17,1975,47,0,0,0,0
750000,6/4/2020,7,8,4324,0.34,2004,18,1,0,0,0
535000,11/2/2020,4,5,3605,0.30,1970,52,0,0,1,0
373000,2/10/2020,3,2,2174,1.01,1978,44,0,0,0,0
195000,11/3/2020,2,2.5,999,0.21,1980,42,0,0,0,0
276000,4/17/2020,4,2,1404,0.23,1983,39,0,0,0,0
650000,4/22/2020,5,7,3350,0.00,null,null,0,0,0,0
635000,5/11/2020,4,4,1856,0.18,1988,34,0,0,0,0
372000,8/10/2020,3,3,945,0.30,1970,52,0,0,0,1
564000,11/3/2020,5,6,2608,0.22,2008,14,1,0,0,0
325000,1/8/2020,3,2,1330,0.20,1984,38,0,0,0,0
699500,10/22/2020,4,6,3354,0.23,2006,16,1,0,0,0
699000,8/3/2020,6,4.5,2813,0.32,2002,20,1,0,0,0
483000,11/19/2020,5,5,2792,0.35,2001,21,1,0,0,0
460000,9/24/2020,4,3,1560,0.23,1979,43,0,0,0,0
675000,10/27/2020,6,7,3382,0.34,2002,20,1,0,0,0
650000,12/10/2020,6,6,3346,0.00,1996,26,1,0,0,0
540000,2/16/2020,3,2.5,1352,0.14,1986,36,0,0,0,0
663500,7/21/2020,7,7,3186,0.34,2002,20,1,0,0,0
1112500,1/21/2020,6,5.5,3214,0.45,1999,23,1,0,0,0
250000,12/14/2020,5,3,2501,0.85,1977,45,0,0,0,0
620000,6/23/2020,3,2,960,0.25,1978,44,0,1,0,0
458500,10/2/2020,3,4,2516,0.61,2010,12,0,0,0,0
194300,11/2/2020,1,1,560,0.00,2007,15,0,1,0,0
480000,7/16/2020,6,6,3450,0.37,2007,15,1,0,0,0
449000,1/6/2020,3,3,1398,0.23,2021,1,0,0,0,0
620000,4/27/2020,3,4,2367,0.64,2000,22,0,0,0,0
265000,1/5/2020,1,1,560,0.00,2007,15,0,0,0,0
307000,12/1/2020,3,3,1304,0.23,1972,50,0,0,0,0
465000,9/3/2020,4,3,2050,0.00,1970,52,0,0,0,0
755000,6/10/2020,4,3,1528,0.17,1976,46,0,1,0,0
440000,12/16/2020,5,3,2276,0.34,1990,32,0,0,0,0
325000,6/25/2020,3,2,1667,0.00,1988,34,0,0,0,0
740000,12/11/2020,5,4,2172,0.23,1977,45,0,0,0,0
535000,7/13/2020,6,5,3015,0.34,2003,19,1,0,0,0
349000,6/4/2020,4,3,1876,0.23,1986,36,0,0,0,0
178000,10/1/2020,3,1,864,0.40,1994,28,0,0,0,0
221952,9/17/2020,2,3,1270,0.00,null,null,0,0,0,0
402000,11/22/2020,4,4,2370,0.00,null,null,0,0,0,0
170000,11/12/2020,1,1,698,0.00,1988,34,0,0,0,0
650000,6/10/2020,3,3,2112,0.00,1992,30,0,0,1,0
282500,3/11/2020,3,2,1015,0.23,1979,43,0,0,0,0
629000,5/26/2020,4,2.5,1890,0.20,1985,37,0,0,0,0
659000,7/23/2020,6,8,3015,0.39,2003,19,1,0,0,0
325000,4/26/2020,3,2,1010,0.00,1982,40,0,0,0,0
877000,7/8/2020,5,5,2493,0.40,1998,24,1,0,0,0
585000,10/8/2020,8,4,3500,0.00,1998,24,0,0,0,0
555000,3/24/2020,4,3,3630,0.23,2004,18,0,0,0,0
175000,1/27/2020,3,2,1346,0.21,1977,45,0,0,0,0
289900,9/21/2020,3,2,1008,0.00,1979,43,0,0,0,0
605000,5/14/2020,3,4,1844,0.14,1979,43,0,1,0,0
163000,3/9/2020,4,2,1162,0.63,1984,38,0,0,0,0
816500,4/5/2020,6,5.5,2536,0.35,2020,2,1,0,0,0
733287,9/21/2020,5,7,3400,0.34,1986,36,1,1,0,0
469000,10/9/2020,6,7,3267,0.29,2003,19,1,0,0,0
469000,10/19/2020,4,4,2374,0.14,2003,19,0,0,0,0
660000,8/30/2020,5,5.5,2604,0.63,2005,17,1,0,0,0
537500,1/29/2020,6,6,3300,0.34,1997,25,0,0,0,0
544000,9/29/2020,3,3,1768,0.20,1990,32,0,0,0,1
1025000,2/8/2020,5,6,3416,0.34,1994,28,0,1,0,0
426000,4/29/2020,2,2,1064,0.00,2008,14,1,1,0,0
165000,5/1/2020,4,1,1116,0.59,1965,57,0,0,0,0
695000,8/13/2020,5,5,3498,0.45,1991,31,1,0,0,0
290000,9/28/2020,3,3,1568,0.13,1999,23,0,0,0,0
150000,10/30/2020,3,2,810,0.34,1970,52,0,0,0,0
550000,5/16/2020,3,3,1728,0.00,1989,33,0,0,0,1
555248,8/17/2020,4,2,1428,0.00,1988,34,1,0,0,0
469000,9/11/2020,4,5,2240,0.00,2004,18,1,0,0,1
850000,3/17/2020,7,8,3572,0.44,2002,20,1,0,0,0
1210000,5/5/2020,4,5.5,3125,0.23,2004,18,1,0,0,0
243000,3/12/2020,4,2,1150,0.29,1981,41,0,0,0,0
317000,7/31/2020,3,3,1793,0.47,1945,77,0,0,0,0
830000,8/26/2020,4,5,3901,0.46,1974,48,0,0,0,1
113617,3/26/2020,3,1,1064,0.54,1967,55,0,0,0,0
775000,8/13/2020,6,4.5,2816,0.51,1975,47,1,0,0,0
365000,9/10/2020,3,2,1613,0.18,1985,37,0,0,0,1
384000,1/25/2020,3,3,1570,0.14,2005,17,1,0,0,1
330000,10/28/2020,6,6,2822,0.29,1999,23,1,0,0,0
245000,12/9/2020,4,1,1364,1.73,1925,97,0,0,0,0
177000,9/3/2020,3,2,1347,0.22,1989,33,0,0,0,0
1000,9/30/2020,3,1,880,0.68,1955,67,0,0,0,0
952000,9/23/2020,6,6,3000,0.36,2002,20,1,0,0,0
649000,1/21/2020,4,5,3350,0.23,2003,19,1,0,0,0
490000,11/6/2020,4,3,2879,0.36,1989,33,0,0,0,0
655650,5/11/2020,5,5,2532,0.42,2001,21,1,0,0,0
975000,1/25/2020,3,2,1311,5.37,1983,39,0,0,1,0
300000,1/28/2020,3,2,1614,0.00,1986,36,0,0,0,0
407000,2/26/2020,3,3,1456,0.00,1988,34,0,0,0,0
350000,11/5/2020,4,3,1649,0.25,2000,22,1,0,0,0
285000,5/17/2020,4,3,2576,0.17,1976,46,0,0,0,0
320000,3/14/2020,2,2,1045,0.00,2020,2,0,0,0,0
239000,7/31/2020,3,2,1220,0.23,1988,34,1,0,0,0
899000,2/11/2020,5,5.5,3054,0.30,2004,18,1,0,0,0
865000,5/24/2020,5,6.5,3315,0.26,2005,17,1,0,0,0
185000,1/16/2020,3,2,1340,0.23,1977,45,0,0,0,0
260000,10/14/2020,4,2,1248,0.23,1987,35,0,0,0,0
700000,11/9/2020,4,5,2054,0.00,2001,21,0,0,1,0
607000,4/6/2020,3,3,1880,0.13,1997,25,0,0,0,0
380000,2/24/2020,5,4,2446,0.00,2003,19,1,0,0,0
700000,9/9/2020,6,6,3068,0.38,1993,29,1,1,0,0
424000,6/24/2020,3,2,1008,0.23,1985,37,0,0,0,0
200000,10/29/2020,5,5,2522,0.30,2003,19,1,0,0,0
375000,8/12/2020,3,2,1463,0.18,1979,43,0,0,0,0
222000,7/6/2020,2,2,936,0.00,1988,34,0,0,0,0
750000,3/29/2020,4,2.5,1982,0.46,1997,25,1,0,0,0
880000,11/20/2020,5,5,2841,0.39,1992,30,1,1,0,0
155000,9/29/2020,3,2,1227,0.00,1977,45,0,0,0,0
545000,3/18/2020,4,5,3667,0.00,1979,43,0,0,0,0
620000,7/2/2020,4,4,2281,0.06,2016,6,0,0,0,0
630000,5/28/2020,7,6,3369,0.41,2004,18,1,0,0,0
329000,9/11/2020,4,2,1456,0.00,1988,34,0,0,0,0
750000,4/30/2020,8,10,4228,0.47,2005,17,1,0,0,0
427000,7/27/2020,4,4.5,2166,0.35,2002,20,1,0,0,0
749000,5/12/2020,6,5.5,3320,0.33,2004,18,1,0,0,0
364000,2/22/2020,3,2,1152,0.18,1978,44,0,0,0,0
650000,6/1/2020,4,4.5,2304,0.12,1997,25,0,0,0,0
500000,5/19/2020,3,3,1300,0.34,1998,24,1,0,0,0
605000,10/16/2020,5,5,2800,0.37,1999,23,1,0,0,0
438000,1/28/2020,3,2,1050,0.14,1978,44,0,0,0,0
278500,2/11/2020,2,2,988,0.23,2020,2,0,0,0,0
362500,4/3/2020,4,2,1833,0.23,1991,31,1,0,0,0
340000,10/7/2020,4,3,2150,0.26,1990,32,0,0,0,0
665000,12/18/2020,6,7,3344,0.37,2004,18,1,0,0,0
399000,8/27/2020,3,3,4566,0.69,1992,30,0,0,0,0
200000,3/1/2020,2,2,1008,0.00,1989,33,1,1,0,0
212000,6/5/2020,2,1,816,0.13,1977,45,0,0,0,0
836000,7/18/2020,6,7,3596,0.46,2004,18,1,0,0,0
469000,10/9/2020,6,7,3267,0.29,2003,19,1,0,0,0
249000,3/22/2020,3,1.5,944,0.00,1972,50,0,0,0,0
583500,11/25/2020,6,8,3710,0.54,2006,16,1,0,0,0
1045000,5/15/2020,8,10,4923,0.23,2002,20,1,0,0,0
680000,4/23/2020,5,6,3114,0.34,1993,29,0,1,0,0
250000,5/20/2020,4,3,1724,0.09,1998,24,0,1,0,0
415000,12/15/2020,4,4,2216,0.23,2001,21,1,0,0,0
765000,3/23/2020,6,6,3764,0.34,2004,18,1,0,0,0
559500,10/9/2020,4,3,2352,0.65,2009,13,0,0,0,0
460000,2/5/2020,4,4,1814,0.04,2018,4,0,0,0,0
240000,11/25/2020,3,2,1856,0.30,1996,26,0,0,0,0
725000,7/21/2020,4,3,2209,0.00,1998,24,0,0,1,0
622000,8/13/2020,4,2,1400,0.20,1984,38,0,1,0,0
300000,11/30/2020,3,2,1400,0.17,1977,45,0,0,0,0
350000,10/15/2020,3,3,2435,0.30,1980,42,0,0,0,1
1044000,6/11/2020,6,5,4507,0.36,1994,28,0,1,0,0
290000,7/27/2020,3,2,2000,0.75,1970,52,0,0,0,0
null,8/6/2020,4,2,1174,0.23,1980,42,0,0,0,0
780000,8/28/2020,6,7,3784,0.36,2003,19,1,0,0,0
994000,5/6/2020,7,7,3652,0.42,2005,17,1,0,0,0
490000,12/17/2020,3,2,1320,0.14,1982,40,0,1,0,0
148500,8/12/2020,1,1,540,0.00,1996,26,0,0,0,0
265000,12/16/2020,2,1,960,0.22,1961,61,0,0,0,0
520000,10/26/2020,5,6,3126,0.28,2001,21,0,0,0,0
699000,12/10/2020,4,4,2054,0.00,2001,21,0,0,1,0
300000,11/5/2020,3,2,2000,6.86,1957,65,0,0,0,0
899000,2/11/2020,5,6,3028,0.00,2004,18,1,1,0,0
597500,1/7/2020,5,3,2200,0.31,1987,35,0,1,0,0
400000,4/19/2020,3,3,1095,0.18,1984,38,0,0,0,0
318500,10/20/2020,3,2,1056,0.00,1985,37,0,0,0,0
465000,3/7/2020,4,2,1496,0.23,2003,19,0,0,0,0
172500,10/9/2020,1,1,272,0.00,1978,44,0,1,0,0
600000,5/27/2020,6,3,2232,0.34,1994,28,1,0,0,0
499000,1/10/2020,4,2,1689,0.25,1969,53,0,0,0,0
700000,1/29/2020,7,9,4700,0.83,2006,16,1,0,1,0
516500,8/2/2020,5,5,2055,0.23,2002,20,0,0,0,0
600000,1/12/2020,7,5,2788,0.46,2000,22,1,0,0,0
315000,9/11/2020,4,2,1152,0.18,1999,23,0,0,0,0
760000,9/18/2020,4,4,3900,0.15,1999,23,0,1,0,0
1075000,2/18/2020,5,5,4164,0.99,2000,22,0,0,0,0
300000,10/19/2020,4,3,2638,0.76,1982,40,1,0,0,0
552000,8/18/2020,4,3,2175,0.16,1998,24,0,0,0,0
670000,4/14/2020,3,2,1439,1.35,1996,26,0,0,0,0
259000,6/28/2020,2,1,967,0.67,1988,34,0,0,0,0
325000,7/29/2020,3,2,1520,0.14,1990,32,0,0,0,0
260000,9/10/2020,3,2,1088,0.02,2000,22,0,0,0,0
369000,11/12/2020,4,4,2089,0.37,1987,35,1,0,0,0
null,3/24/2020,4,3,2296,0.32,1992,30,0,0,0,0
430000,7/10/2020,5,6,2948,0.23,2005,17,1,0,0,0
384500,11/24/2020,4,2,912,0.16,1979,43,0,0,0,0
699000,7/11/2020,5,6,2834,0.23,2005,17,1,0,0,0
322000,12/22/2020,3,3,1560,0.14,1978,44,0,0,0,0
308200,9/8/2020,4,4,2638,0.15,2003,19,0,0,0,0
359000,1/21/2020,3,2,1254,0.57,2020,2,0,0,0,0
560500,1/8/2020,5,6,3059,0.41,2005,17,1,0,0,0
1500000,5/20/2020,8,10,5269,0.54,2004,18,1,0,1,0
500000,5/27/2020,4,3,1846,0.23,2011,11,0,0,0,0
175000,10/19/2020,3,2,1352,0.21,2001,21,0,0,0,0
519000,12/17/2020,5,4.5,3498,0.46,2003,19,0,0,0,0
625000,4/8/2020,4,4,1925,0.00,2001,21,0,0,0,0
2495000,10/6/2020,1,10.5,4376,0.10,2019,3,1,0,0,0
396000,12/13/2020,4,3,1844,0.23,2002,20,1,0,0,0
715000,6/17/2020,8,8,3550,0.53,2003,19,1,1,0,0
705000,1/27/2020,5,7,2351,0.34,1988,34,1,1,0,0
667000,12/18/2020,6,5,3364,0.51,2001,21,1,0,0,0
839000,4/13/2020,6,6,2516,0.34,2018,4,1,0,0,0
532500,4/1/2020,4,3,2174,0.00,2001,21,0,0,0,0
2295000,4/5/2020,7,10,5800,0.00,2005,17,1,1,0,0
178000,11/23/2020,1,1,698,0.00,1988,34,0,0,0,0
605000,1/26/2020,7,7,3188,0.00,2002,20,1,0,0,0
null,9/13/2020,3,3,1352,0.17,1996,26,0,0,0,0
437500,1/3/2020,5,4,2345,0.37,1993,29,1,0,0,0
580000,3/2/2020,4,3,1802,0.22,2015,7,0,0,0,0
1200000,7/27/2020,7,9,5429,2.66,2012,10,1,0,0,1
830000,4/12/2020,8,9,4400,0.36,1999,23,1,0,0,0
410000,4/1/2020,4,4,1811,0.48,2015,7,0,0,0,0
375000,3/16/2020,3,3,1700,0.25,1990,32,0,0,0,0
690000,8/4/2020,5,5,3264,0.44,1990,32,1,0,0,0
265000,1/22/2020,3,2,1241,0.23,1985,37,0,0,0,0
615000,8/2/2020,4,4.5,2988,0.46,2005,17,1,0,0,0
650000,7/15/2020,7,8,4890,0.23,2004,18,0,1,0,0
473000,10/16/2020,4,3,1669,0.23,1978,44,0,1,0,0
257000,8/5/2020,4,3,1568,0.08,1985,37,0,0,0,0
597000,6/28/2020,3,3,1530,0.20,1978,44,0,0,0,1
400000,10/23/2020,3,2,1344,0.00,null,null,0,0,0,0
600000,6/30/2020,5,4,2290,0.34,1986,36,0,1,0,0
976500,8/31/2020,6,5,4752,0.34,2005,17,1,0,0,0
253000,4/9/2020,3,2,960,0.14,1975,47,0,0,0,0
387500,1/20/2020,3,2,2030,null,1992,30,0,0,0,0
210000,10/28/2020,3,3,1664,0.60,1988,34,0,0,0,0
850000,4/29/2020,6,5,2820,0.44,1996,26,1,0,0,0
340000,4/9/2020,4,2,1675,0.44,1988,34,0,0,0,0
216650,8/28/2020,2,3,1257,0.00,2005,17,0,0,0,1
617000,7/15/2020,3,3,1680,0.25,2016,6,0,0,0,0
419000,1/26/2020,3,2,1838,0.16,1930,92,0,0,0,0
280000,3/18/2020,5,4,1904,0.00,null,null,0,0,0,0
565000,11/17/2020,3,4,2622,0.13,1975,47,0,0,0,0
1200000,3/24/2020,5,6,3606,0.36,1990,32,1,1,0,0
319000,11/13/2020,3,2,1256,0.19,2020,2,0,0,0,0
400000,10/13/2020,3,2.5,2124,0.14,1977,45,0,0,0,0
635000,6/4/2020,6,7,2932,0.36,2006,16,1,0,0,0
306500,11/16/2020,3,2,1344,0.23,1984,38,0,0,0,0
1795000,4/9/2020,6,8,4822,0.36,1998,24,1,1,0,0
715000,5/4/2020,5,7,2811,0.24,2006,16,1,0,0,0
325500,1/26/2020,2,2,840,0.00,2007,15,0,1,0,0
282500,4/30/2020,3,2,1552,0.15,1989,33,0,0,0,0
285000,12/4/2020,3,2,1008,0.25,1978,44,0,0,0,0
536000,4/1/2020,4,6,3192,0.23,2003,19,1,0,0,0
580000,12/8/2020,4,4.5,2330,0.18,2005,17,1,0,0,0
620000,11/2/2020,5,5,2428,1.08,1998,24,0,0,0,0
516000,7/6/2020,6,7,2776,0.48,2001,21,1,0,0,0
700000,3/16/2020,6,6,3192,0.39,2004,18,1,0,0,0
354500,11/9/2020,3,2,1120,0.16,1986,36,0,0,0,0
494000,8/7/2020,5,5,3390,0.30,2006,16,1,0,0,0
130000,1/29/2020,1,1,1287,0.00,2005,17,0,0,0,0
395000,2/1/2020,3,3,1904,0.20,2016,6,0,0,0,0
580000,3/12/2020,6,6.5,2974,0.32,2002,20,1,0,0,0
295000,3/11/2020,4,1,1404,0.34,1991,31,0,0,0,0
699000,5/23/2020,5,3.5,2436,0.25,1991,31,0,0,0,0
270000,6/5/2020,3,3,1723,0.05,1995,27,1,0,0,0
283000,9/23/2020,3,3,1544,0.14,1989,33,0,0,0,0
325000,10/13/2020,3,2,1950,0.23,1997,25,0,0,0,0
332000,11/13/2020,2,2,1076,0.24,1992,30,0,0,0,0
730000,1/14/2020,4,4,2032,0.00,2001,21,0,0,1,0
665000,12/18/2020,6,7,3344,0.37,2004,18,0,1,0,0
130000,10/5/2020,1,1,736,0.00,1989,33,0,0,0,0
600000,6/22/2020,5,3,2248,0.24,1996,26,1,0,0,0
699000,2/1/2020,4,4,1932,0.31,1985,37,0,1,0,0
545000,12/16/2020,3,3,2414,0.13,1997,25,0,0,0,0
415000,6/2/2020,2,1,680,3.57,1980,42,0,0,0,0
360000,11/24/2020,3,3,1104,0.23,1977,45,0,0,0,0
435000,4/22/2020,4,3.5,2100,0.04,2020,2,0,0,0,0
685000,2/8/2020,5,6,3322,0.34,2000,22,1,0,0,0
325000,3/24/2020,2,2,1064,0.00,2008,14,0,0,0,0
75000,1/30/2020,3,2,1248,0.21,1988,34,0,0,0,0
329000,9/11/2020,4,2,1456,0.23,1988,34,0,0,0,0
null,7/10/2020,8,10,4370,1.02,2016,6,1,1,0,0
712500,12/1/2020,4,4,2050,0.00,1982,40,0,1,0,0
null,10/15/2020,3,1,1008,0.15,1977,45,0,0,0,0
335000,5/4/2020,4,2,2006,0.19,1972,50,0,0,0,0
570000,6/14/2020,4,3,1681,0.18,2007,15,0,0,0,0
566000,10/5/2020,6,6,3500,0.36,2004,18,1,0,0,0
650000,3/4/2020,6,6,2435,0.57,2002,20,1,0,0,0
540000,4/26/2020,5,3,2152,0.00,1988,34,0,0,0,0
475000,7/29/2020,5,7,2734,0.46,2002,20,1,0,0,0
452000,7/2/2020,4,3,1568,0.18,1985,37,0,0,0,0
1775000,5/23/2020,7,8,3650,0.46,2001,21,1,1,0,0
130000,11/3/2020,2,2,1200,0.11,1978,44,0,0,0,0
315000,4/1/2020,4,3.5,3450,1.16,2000,22,1,0,0,0
350000,6/10/2020,5,3.5,2207,0.23,2001,21,0,0,0,0
312500,8/31/2020,3,3,1654,0.20,2001,21,0,0,0,1
489000,1/20/2020,4,3,1404,0.23,1988,34,0,0,0,0
111000,2/3/2020,1,1,804,0.23,1971,51,0,0,0,0
485000,2/29/2020,5,5,2386,0.00,null,null,0,0,0,0
577000,5/13/2020,4,5,2575,1.47,2004,18,1,0,0,1
314000,7/20/2020,4,3,1780,0.18,1990,32,0,0,0,0
1020000,11/23/2020,6,8,4108,0.41,2005,17,1,0,0,0
512000,3/4/2020,4,3,1861,0.23,1984,38,0,0,0,0
240000,8/28/2020,3,2,1166,0.23,1985,37,0,0,0,0
350000,12/7/2020,3,2,1056,0.00,1984,38,0,0,0,0
355000,12/14/2020,3,2,1228,0.23,2019,3,0,0,0,0
390000,3/26/2020,3,2,1525,0.39,1988,34,0,0,0,0
335000,9/11/2020,3,2.5,1494,0.04,2020,2,0,0,0,0
528500,5/15/2020,7,8,3344,0.00,2002,20,0,0,0,0
522000,10/6/2020,5,6,3360,0.34,1999,23,0,0,0,0
1500000,5/23/2020,8,10,5269,0.57,2004,18,1,0,0,0
559000,4/19/2020,5,3,2072,0.23,1987,35,1,0,0,0
500000,9/17/2020,5,6,3205,0.00,2005,17,0,0,0,0
410000,4/20/2020,4,3,1688,0.15,1985,37,0,0,0,0
515000,8/11/2020,3,3,1584,0.00,2009,13,0,0,0,0
456000,10/16/2020,4,4,2076,0.20,2002,20,1,0,0,0
590000,12/15/2020,7,7,3652,0.41,2004,18,1,0,0,0
529000,10/22/2020,4,3,2400,0.16,1994,28,0,0,0,1
530000,3/28/2020,4,5,2722,0.15,2004,18,0,0,0,0
470000,4/28/2020,4,2,1344,0.00,1978,44,0,0,0,0
440000,4/23/2020,3,3,1648,0.00,2009,13,0,0,0,0
360000,4/13/2020,3,2,1488,0.57,1994,28,0,0,0,0
399000,2/14/2020,5,3.5,2224,0.34,2002,20,1,0,0,0
950000,7/15/2020,6,4,3008,0.34,1985,37,0,1,0,0
406250,7/19/2020,3,2,960,0.23,1992,30,0,0,0,0
379000,1/22/2020,3,2,1511,0.39,1987,35,0,0,0,0
null,null,5,6,2716,0.00,2000,22,1,0,0,0
170000,11/30/2020,1,1,540,0.00,1996,26,1,0,0,0
695000,1/18/2020,3,3,2024,0.00,2000,22,0,0,1,0
423500,2/4/2020,4,3,1564,0.23,1986,36,0,0,0,0
575000,3/22/2020,5,5,2382,0.00,null,null,0,0,0,0
630000,10/16/2020,5,6,2814,0.23,1998,24,1,0,0,0
1750000,6/9/2020,8,9,5697,0.46,1990,32,1,1,0,0
565000,6/24/2020,6,6.5,3230,0.31,2004,18,1,0,0,0
312000,7/10/2020,3,2,1320,0.23,1978,44,0,0,0,0
220000,7/2/2020,3,3,952,0.16,1974,48,0,0,0,0
153000,12/18/2020,2,2,1104,0.00,1988,34,0,0,0,0
622500,7/18/2020,4,3,2011,0.34,1990,32,0,0,0,0
null,5/7/2020,8,6,3912,0.42,1999,23,1,1,0,0
295000,6/15/2020,3,3,2016,0.23,1999,23,0,0,0,0
890000,9/10/2020,5,8,3963,0.25,2005,17,1,0,0,0
526000,11/9/2020,4,2,1248,0.23,1986,36,0,0,0,0
345000,6/10/2020,4,3,1722,0.23,1990,32,1,0,0,0
274000,11/16/2020,3,2,1440,0.18,1987,35,0,0,1,0
394000,4/14/2020,3,2,1404,0.23,1998,24,0,0,0,0
721000,3/11/2020,6,7,3312,0.46,2004,18,1,0,0,0
419000,8/20/2020,3,2,1485,0.36,2021,1,0,0,0,0
275000,8/21/2020,3,3,2352,0.34,2005,17,0,0,0,0
1250000,12/17/2020,6,7,3424,0.00,2004,18,1,0,1,0
799000,6/1/2020,5,4,2952,0.77,1991,31,1,0,1,0
380000,3/4/2020,3,1.5,1323,0.14,1968,54,0,0,0,0
2375000,4/23/2020,7,9,6023,0.00,2001,21,1,1,0,0
439000,5/14/2020,4,3,1512,0.24,1990,32,0,0,0,0
747000,5/14/2020,4,5,3271,0.41,2007,15,0,0,0,0
330000,12/17/2020,4,4,2204,0.48,1974,48,0,0,0,0
1210000,5/5/2020,4,6,3130,0.00,2004,18,1,1,0,0
760000,11/24/2020,6,6.5,3987,0.38,2005,17,1,0,0,0
1690000,5/26/2020,1,11,4997,0.00,2021,1,1,0,0,0
700000,8/21/2020,6,7,3216,0.59,2008,14,1,0,1,0
230000,2/21/2020,4,2,1230,0.10,1981,41,0,0,0,0
1210000,3/8/2020,9,8,4522,0.46,1999,23,1,1,0,0
335700,9/13/2020,3,2,1072,0.00,1977,45,0,0,0,0
302000,6/24/2020,3,2,1162,0.25,1998,24,0,0,0,0
302000,4/9/2020,3,3,1906,1.63,2003,19,0,0,0,0
430000,1/26/2020,4,3,2003,0.00,1994,28,0,0,1,0
209000,2/16/2020,1,1,698,0.00,1988,34,0,0,0,0
375000,5/15/2020,5,3,2160,0.41,1994,28,0,0,0,0
485000,2/8/2020,4,3,1884,0.00,1989,33,0,0,0,0
1000000,3/17/2020,6,4.5,2897,0.53,1992,30,0,0,0,0
340000,11/12/2020,3,3,1728,0.00,1995,27,0,0,0,0
220000,8/13/2020,3,1,1008,0.23,1980,42,0,0,0,0
217500,11/25/2020,2,1,800,0.13,1969,53,0,0,0,0
865000,4/19/2020,4,3,2135,0.23,1987,35,0,1,0,0
375000,3/31/2020,3,2,1088,0.13,1965,57,0,0,0,0
379000,5/21/2020,3,2,1152,0.13,1983,39,0,0,0,0
445000,12/17/2020,3,2,1472,0.36,1980,42,0,0,0,1
365000,11/23/2020,3,2,1268,0.15,1987,35,0,0,0,1
316000,10/13/2020,3,2,960,0.17,1979,43,0,0,0,0
465630,5/20/2020,3,2,2141,0.00,1992,30,0,0,0,0
2387500,10/1/2020,1,11,4309,0.00,2019,3,1,1,0,0
640000,5/26/2020,4,5,2306,0.15,2001,21,0,0,0,0
255000,2/25/2020,3,2,2004,0.09,1987,35,0,0,0,0
59000,11/15/2020,3,2,1470,0.18,2020,2,0,0,0,0
252500,12/27/2020,3,2,1066,0.18,1980,42,0,0,0,0
312000,7/10/2020,3,2,1346,0.23,1978,44,0,0,0,0
300000,12/27/2020,4,3,1836,0.29,1973,49,0,0,0,0
620026,7/13/2020,5,5,2350,0.34,2001,21,0,0,0,0
289000,4/20/2020,3,2,1908,3.00,1991,31,0,0,1,0
275000,3/29/2020,3,1,912,0.64,1954,68,0,0,0,0
425000,11/2/2020,3,2,1705,0.18,2016,6,0,0,0,1
289000,5/7/2020,3,2,1536,0.24,1995,27,0,0,0,1
680000,3/31/2020,5,4,2300,0.34,1984,38,0,0,0,0
452000,7/2/2020,4,2.5,1568,0.18,1985,37,0,0,0,0
475000,5/14/2020,4,3,2830,1.33,1996,26,0,0,1,0
638000,5/4/2020,7,6.5,3160,0.46,1998,24,1,0,0,0
750000,3/29/2020,4,4,1918,0.46,1997,25,1,0,0,0
745000,10/22/2020,6,6.5,4049,0.09,2004,18,1,0,0,0
769000,4/5/2020,4,5,2400,0.18,1984,38,0,1,0,0
369000,10/2/2020,4,6,2953,0.42,1972,50,0,0,0,1
880000,11/20/2020,5,5,2841,0.39,1992,30,1,0,0,0
50000,12/20/2020,3,2.5,1116,0.13,1976,46,0,0,0,0
269500,1/8/2020,3,2,864,0.18,1987,35,0,0,0,0
384500,2/21/2020,4,3.5,1859,0.23,2019,3,1,0,0,0
265000,3/23/2020,2,2,986,0.00,1987,35,0,0,0,0
249000,10/16/2020,2,2,1008,0.00,2004,18,0,0,0,0
720000,5/13/2020,6,5,2700,0.34,2002,20,1,0,0,0
425000,7/20/2020,2,2,880,0.00,2019,3,0,0,0,0
315000,9/18/2020,4,3,1512,0.48,1989,33,0,0,0,0
775000,3/17/2020,6,7,3294,0.45,2004,18,1,0,0,0
335000,9/11/2020,3,3,1471,0.00,2020,2,0,0,0,0
975000,4/28/2020,5,3,2284,0.33,1986,36,0,1,0,0
349000,11/21/2020,4,3,1822,0.25,2000,22,1,0,0,0
110000,4/14/2020,1,1,511,0.00,1996,26,0,0,0,0
675000,6/22/2020,4,4,2242,0.20,2004,18,0,0,0,0
606000,10/30/2020,4,3,2062,0.34,1986,36,0,0,0,0
539000,1/20/2020,3,2.5,1568,0.16,1984,38,0,0,0,0
342500,1/28/2020,4,2,1344,0.24,1980,42,1,0,0,0
505000,5/12/2020,4,3,1826,0.11,1992,30,0,1,0,0
275000,9/10/2020,3,2,1512,0.00,1974,48,0,0,0,0
710000,4/30/2020,4,3,1964,0.24,1983,39,0,1,0,0
115000,4/1/2020,6,5.5,3383,0.29,2004,18,1,0,0,0
525000,12/18/2020,6,7,3496,0.00,2005,17,1,0,0,0
500000,3/5/2020,5,4,2260,0.31,1999,23,1,0,0,0
520000,3/26/2020,3,2,1344,0.13,1977,45,0,1,0,0
null,2/16/2020,5,4,2207,0.23,2001,21,1,0,0,0
680000,1/24/2020,4,4,2484,0.28,1994,28,0,0,0,0
220000,11/25/2020,4,2,1248,0.23,1980,42,0,0,0,0
1100000,4/14/2020,7,7,3495,0.51,2003,19,1,0,1,0
790000,4/29/2020,5,6,2961,0.23,2007,15,1,1,0,0
494500,8/6/2020,4,3,1568,0.18,1985,37,0,0,0,0
510000,12/23/2020,5,4,2840,0.43,2001,21,1,0,0,0
535000,4/29/2020,3,3,1648,0.20,1998,24,0,0,0,0
400000,3/16/2020,4,2.5,1984,0.22,1994,28,0,0,0,0
449000,6/10/2020,4,4,2035,0.23,1999,23,0,0,0,0
976256,8/31/2020,6,5,4752,0.34,2005,17,1,1,0,0
600500,10/19/2020,4,4,2124,0.31,1990,32,0,0,0,0
400000,10/1/2020,3,2,2058,0.99,2013,9,0,0,0,0
449000,11/25/2020,6,4,3100,0.00,2004,18,1,0,0,0
400000,4/19/2020,3,3,1095,0.18,1984,38,0,0,0,0
680000,1/19/2020,5,4,2423,0.23,2004,18,1,0,0,0
462500,2/12/2020,5,5,2563,0.23,2002,20,1,0,0,0
220000,5/17/2020,2,2,1104,0.00,1988,34,0,0,0,0
730000,3/14/2020,3,1.5,1330,1.42,1930,92,0,0,0,0
846000,8/17/2020,7,5.5,3603,0.34,2001,21,0,0,0,0
465000,4/14/2020,4,2.5,1104,0.00,1979,43,0,0,0,0
340000,4/19/2020,2,1,840,0.14,1997,25,0,0,0,0
750000,9/18/2020,4,5,3781,0.00,2006,16,0,0,0,1
174600,9/29/2020,3,2,1020,0.16,1968,54,0,0,0,0
399000,8/6/2020,4,3,1568,0.23,1987,35,0,0,0,0
349500,9/16/2020,3,2,1536,0.18,2002,20,0,0,0,0
365000,4/15/2020,4,4,1984,0.11,1987,35,0,0,0,0
497500,2/16/2020,4,2,1344,0.23,1977,45,0,0,0,0
470000,3/25/2020,5,5,2783,0.46,1999,23,0,0,0,0
189000,10/14/2020,1,1,698,0.00,1988,34,0,0,0,0
749000,7/1/2020,6,7,3342,0.34,1996,26,0,1,0,0
100000,4/27/2020,2,2,1002,0.00,1994,28,0,0,0,0
275000,1/7/2020,3,2,1136,0.23,1989,33,0,0,0,0
350000,8/20/2020,4,4,2164,0.17,2003,19,1,0,0,0
875500,3/30/2020,6,8,3838,0.36,2005,17,1,0,0,0
420000,1/15/2020,4,3,1664,0.18,1986,36,0,0,0,0
null,6/23/2020,6,4,3184,0.07,1986,36,0,1,0,0
850000,2/8/2020,7,8,3800,0.00,2005,17,1,0,0,0
515000,4/30/2020,4,4,2210,1.23,2003,19,0,0,1,0
131500,9/4/2020,3,2,864,0.29,1972,50,0,0,0,0
285000,1/10/2020,3,2,1248,0.46,1997,25,0,0,0,0
615000,9/29/2020,4,3,2016,0.15,1999,23,0,1,0,0
257000,8/5/2020,4,3,1568,0.08,1985,37,0,1,0,0
520000,3/10/2020,4,3,1876,0.30,1992,30,0,0,0,0
750000,7/11/2020,4,4,2316,0.15,2007,15,1,0,0,0
283000,1/21/2020,3,2,1008,0.14,1992,30,0,0,0,0
337000,11/19/2020,5,4,2080,0.34,1993,29,1,0,0,0
1050000,3/23/2020,8,6,4176,0.45,1999,23,1,0,0,0
902000,4/22/2020,5,3.5,3484,0.34,1989,33,1,0,0,0
280000,3/6/2020,3,3,1310,0.15,1986,36,0,0,0,0
808000,2/19/2020,6,5.5,2973,0.34,2002,20,1,0,0,0
860000,9/30/2020,7,9,4843,0.00,2008,14,1,0,0,0
685000,10/28/2020,4,4,2010,0.00,1999,23,0,0,1,0
470000,3/18/2020,5,4,2784,0.34,2000,22,1,0,0,0
325000,3/18/2020,3,2,1832,0.42,2004,18,0,0,0,0
380100,1/6/2020,3,2,1248,0.23,1985,37,0,0,0,0
339000,7/31/2020,4,2,1846,0.37,1994,28,0,0,0,0
235000,8/6/2020,3,2.5,1719,0.31,1992,30,0,0,0,0
485000,2/28/2020,5,5,2386,0.29,2003,19,1,0,0,0
406000,12/7/2020,3,2,1532,0.14,1966,56,0,0,0,0
615000,9/29/2020,4,3,2016,0.15,1999,23,0,0,0,0
800000,12/3/2020,6,6,3460,0.34,2001,21,1,0,0,0
808000,2/19/2020,6,6,2973,0.34,2002,20,1,1,0,0
710000,5/11/2020,7,6,3353,0.00,2004,18,1,0,0,0
327000,9/15/2020,4,2.5,1876,0.17,2003,19,0,0,0,0
225000,3/30/2020,2,2,1008,0.00,1989,33,0,0,0,0
null,5/5/2020,7,8,5340,0.48,2002,20,1,0,0,0
430000,3/16/2020,2,2.5,1272,0.00,2005,17,0,0,0,0
359000,1/19/2020,3,2,1648,0.23,2001,21,0,0,0,0
98000,12/1/2020,1,1,550,0.41,1960,62,0,0,0,0
420000,7/12/2020,3,2,2160,0.23,1990,32,0,0,0,0
515000,4/29/2020,4,3.5,2210,1.23,2003,19,0,0,0,0
349000,4/20/2020,2,2,912,0.00,1987,35,0,0,0,0
537500,7/20/2020,3,3,2372,0.99,2005,17,0,0,0,0
213500,11/15/2020,2,2.5,1272,0.00,2005,17,0,0,0,0
335000,9/30/2020,5,3.5,2202,0.17,1999,23,0,0,0,0
250000,8/10/2020,4,3,1620,0.34,2014,8,0,0,0,0
849000,6/21/2020,5,4,2666,0.34,1986,36,1,1,0,0
205000,11/9/2020,3,3,2000,0.38,1992,30,0,0,0,0
615000,4/26/2020,5,4,2291,0.76,1991,31,0,0,1,0
745000,10/20/2020,6,7,4049,0.07,2004,18,1,0,1,0
460000,2/5/2020,4,3.5,1814,0.30,2018,4,0,0,0,0
619000,5/31/2020,4,5,3585,0.13,1973,49,0,0,0,0
483500,9/24/2020,6,5,3192,0.55,2002,20,1,0,0,0
330000,1/15/2020,3,2,1148,0.13,1983,39,0,0,0,0
610000,7/2/2020,5,5,2287,0.34,2001,21,1,0,0,0
459000,5/18/2020,4,2,1636,0.36,1982,40,0,0,0,0
215000,5/5/2020,3,2,1380,0.41,1983,39,0,0,0,0
483500,9/24/2020,6,4.5,3210,0.55,2002,20,1,0,0,0
160000,1/5/2020,2,1,768,0.45,1988,34,0,0,0,0
459000,8/6/2020,4,3,2669,0.20,1996,26,0,0,0,1
1210000,6/7/2020,6,7,4372,0.35,2004,18,1,1,0,0
650000,10/8/2020,5,5,2668,0.68,1998,24,0,0,1,0
800000,2/1/2020,4,3,1990,1.54,1973,49,0,1,0,0
338000,3/26/2020,3,2,1826,0.00,1993,29,0,0,0,0
2155000,4/4/2020,8,10,4238,0.34,1994,28,0,1,0,0
396000,4/15/2020,3,2,1421,0.00,null,null,0,0,0,0
500000,7/27/2020,5,3,1786,0.26,1970,52,0,1,0,0
12500,3/17/2020,5,4,2200,0.23,2006,16,0,0,0,0
425000,10/14/2020,4,4,1982,0.00,null,null,0,0,0,0
525000,2/1/2020,4,5,2160,0.00,2001,21,1,0,0,0
300000,12/15/2020,2,2,1045,0.00,2020,2,0,0,0,0
1210000,12/10/2020,5,5,4022,0.55,2015,7,0,0,1,0
450000,7/13/2020,4,3.5,2634,0.18,2004,18,1,0,0,0
175000,3/22/2020,1,1,540,0.00,1996,26,0,0,0,0
870000,5/16/2020,4,3,1568,0.25,1990,32,0,1,0,0
625500,4/26/2020,5,5,2936,0.37,1998,24,0,0,0,0
341000,3/25/2020,2,2.5,1272,0.00,2005,17,0,0,0,0
248000,8/27/2020,3,2,1152,0.14,1976,46,0,0,0,0
300000,8/28/2020,3,3,1532,0.19,1991,31,0,0,0,0